{"cameraMode":{"drawMode":0,"name":"Shaded","section":"Shading Mode"},"sceneLighting":false,"audioPlay":false,"sceneViewState":{"m_AlwaysRefresh":false,"showFog":true,"showSkybox":false,"showFlares":true,"showImageEffects":true,"showParticleSystems":true,"showVisualEffectGraphs":true,"m_FxEnabled":true},"in2DMode":false,"pivot":{"x":519.3499755859375,"y":448.4709167480469,"z":-474.31231689453127},"rotation":{"x":0.13093866407871247,"y":0.3388013243675232,"z":-0.047722574323415759,"w":0.9305398464202881},"size":492.56134033203127,"orthographic":false}