{"cameraMode":{"drawMode":0,"name":"Shaded","section":"Shading Mode"},"sceneLighting":false,"audioPlay":false,"sceneViewState":{"showFog":true,"showMaterialUpdate":false,"showSkybox":false,"showFlares":true,"showImageEffects":true,"showParticleSystems":true},"in2DMode":false,"pivot":{"x":0.47999998927116396,"y":0.5332432389259338,"z":1.1920928955078126e-7},"rotation":{"x":-0.25497961044311526,"y":-0.058851003646850589,"z":0.015531621873378754,"w":-0.9650484919548035},"size":0.8756886720657349,"orthographic":false}