{"cameraMode":{"drawMode":0,"name":"Shaded","section":"Shading Mode"},"sceneLighting":false,"audioPlay":false,"sceneViewState":{"showFog":true,"showMaterialUpdate":false,"showSkybox":false,"showFlares":true,"showImageEffects":true,"showParticleSystems":true},"in2DMode":false,"pivot":{"x":5.960464477539063e-8,"y":0.06250005215406418,"z":-5.960464477539063e-8},"rotation":{"x":-0.25497961044311526,"y":-0.058851003646850589,"z":0.015531621873378754,"w":-0.9650484919548035},"size":0.7113609313964844,"orthographic":false}