{"cameraMode":{"drawMode":0,"name":"Shaded","section":"Shading Mode"},"sceneLighting":false,"audioPlay":false,"sceneViewState":{"showFog":true,"showMaterialUpdate":false,"showSkybox":false,"showFlares":true,"showImageEffects":true,"showParticleSystems":true},"in2DMode":false,"pivot":{"x":-73.7636489868164,"y":-28.916913986206056,"z":-3.2469396591186525},"rotation":{"x":-0.11863014847040177,"y":0.701965868473053,"z":-0.12037014961242676,"w":-0.6919298768043518},"size":45.57720184326172,"orthographic":false}