{"cameraMode":{"drawMode":0,"name":"Shaded","section":"Shading Mode"},"sceneLighting":false,"audioPlay":false,"sceneViewState":{"showFog":true,"showMaterialUpdate":false,"showSkybox":false,"showFlares":true,"showImageEffects":true,"showParticleSystems":true},"in2DMode":false,"pivot":{"x":1.474519968032837,"y":0.22724533081054688,"z":4.2847795486450199},"rotation":{"x":-0.27696794271469118,"y":0.629525899887085,"z":-0.25681042671203616,"w":-0.6790261268615723},"size":10.0,"orthographic":false}