{"cameraMode":{"drawMode":0,"name":"Shaded","section":"Shading Mode"},"sceneLighting":false,"audioPlay":false,"sceneViewState":{"showFog":true,"showMaterialUpdate":false,"showSkybox":false,"showFlares":true,"showImageEffects":true,"showParticleSystems":true},"in2DMode":false,"pivot":{"x":120.02999877929688,"y":-24.950000762939454,"z":-1.1663570404052735},"rotation":{"x":-0.25497961044311526,"y":-0.058851003646850589,"z":0.015531621873378754,"w":-0.9650484919548035},"size":1.7320507764816285,"orthographic":false}