{"cameraMode":{"drawMode":0,"name":"Shaded","section":"Shading Mode"},"sceneLighting":false,"audioPlay":false,"sceneViewState":{"showFog":true,"showMaterialUpdate":false,"showSkybox":false,"showFlares":true,"showImageEffects":true,"showParticleSystems":true},"in2DMode":false,"pivot":{"x":7.247613906860352,"y":6.197719573974609,"z":0.6057517528533936},"rotation":{"x":-0.30436086654663088,"y":0.6058944463729858,"z":-0.2697311043739319,"w":-0.683770477771759},"size":-1.488814353942871,"orthographic":false}