{"cameraMode":{"drawMode":0,"name":"Shaded","section":"Shading Mode"},"sceneLighting":true,"audioPlay":false,"sceneViewState":{"showFog":true,"showMaterialUpdate":false,"showSkybox":true,"showFlares":true,"showImageEffects":true,"showParticleSystems":true},"in2DMode":false,"pivot":{"x":757.1987915039063,"y":115.44615173339844,"z":271.1052551269531},"rotation":{"x":-0.17637497186660767,"y":-0.011543378233909607,"z":0.002074088668450713,"w":-0.9842804074287415},"size":330.6242980957031,"orthographic":false}