{"cameraMode":{"drawMode":0,"name":"Shaded","section":"Shading Mode"},"sceneLighting":false,"audioPlay":false,"sceneViewState":{"showFog":true,"showMaterialUpdate":false,"showSkybox":false,"showFlares":true,"showImageEffects":true,"showParticleSystems":true},"in2DMode":false,"pivot":{"x":0.007227271795272827,"y":0.14658838510513307,"z":-0.019994139671325685},"rotation":{"x":-0.25497961044311526,"y":-0.058851003646850589,"z":0.015531621873378754,"w":-0.9650484919548035},"size":0.7147315144538879,"orthographic":false}