{"cameraMode":{"drawMode":0,"name":"Shaded","section":"Shading Mode"},"sceneLighting":false,"audioPlay":false,"sceneViewState":{"m_AlwaysRefresh":false,"showFog":true,"showSkybox":false,"showFlares":true,"showImageEffects":true,"showParticleSystems":true,"showVisualEffectGraphs":true,"m_FxEnabled":true},"in2DMode":false,"pivot":{"x":0.09069561958312988,"y":0.2353677749633789,"z":0.4483318328857422},"rotation":{"x":-0.1620134860277176,"y":0.47638195753097536,"z":-0.08979687094688416,"w":-0.8595113158226013},"size":0.5831760168075562,"orthographic":false}