{"cameraMode":{"drawMode":0,"name":"Shaded","section":"Shading Mode"},"sceneLighting":false,"audioPlay":false,"sceneViewState":{"m_AlwaysRefresh":false,"showFog":true,"showSkybox":false,"showFlares":true,"showImageEffects":true,"showParticleSystems":true,"showVisualEffectGraphs":true,"m_FxEnabled":true},"in2DMode":false,"pivot":{"x":0.5490959286689758,"y":1.6169530153274537,"z":0.7839345932006836},"rotation":{"x":0.18357661366462708,"y":-0.044223714619874957,"z":0.008290126919746399,"w":0.9819980263710022},"size":2.088881492614746,"orthographic":false}