{"cameraMode":{"drawMode":0,"name":"Shaded","section":"Shading Mode"},"sceneLighting":false,"audioPlay":false,"sceneViewState":{"m_AlwaysRefresh":false,"showFog":true,"showSkybox":false,"showFlares":true,"showImageEffects":true,"showParticleSystems":true,"showVisualEffectGraphs":true,"m_FxEnabled":true},"in2DMode":false,"pivot":{"x":0.01364976167678833,"y":0.22665849328041078,"z":-0.051967769861221316},"rotation":{"x":-0.23798969388008119,"y":0.010778403840959072,"z":-0.0026430960278958084,"w":-0.9712095856666565},"size":0.5652584433555603,"orthographic":false}