{"cameraMode":{"drawMode":0,"name":"Shaded","section":"Shading Mode"},"sceneLighting":false,"audioPlay":false,"sceneViewState":{"m_AlwaysRefresh":false,"showFog":true,"showSkybox":false,"showFlares":true,"showImageEffects":true,"showParticleSystems":true,"showVisualEffectGraphs":true,"m_FxEnabled":true},"in2DMode":false,"pivot":{"x":90.91470336914063,"y":-2.8357417583465578,"z":-1.2529516220092774},"rotation":{"x":-0.14949552714824677,"y":-0.05721673741936684,"z":0.008666817098855973,"w":-0.9870803952217102},"size":6.251771926879883,"orthographic":false}