{"cameraMode":{"drawMode":0,"name":"Shaded","section":"Shading Mode"},"sceneLighting":false,"audioPlay":false,"sceneViewState":{"m_AlwaysRefresh":false,"showFog":true,"showSkybox":false,"showFlares":true,"showImageEffects":true,"showParticleSystems":true,"showVisualEffectGraphs":true,"m_FxEnabled":true},"in2DMode":false,"pivot":{"x":-23.608200073242189,"y":1.8430566787719727,"z":-0.07436317205429077},"rotation":{"x":0.1731366068124771,"y":0.057575736194849017,"z":-0.010125049389898777,"w":0.9831874370574951},"size":1.534969687461853,"orthographic":false}